USAF,Site Name,State,Latitude,Longitude,TZ,Elev,Class,Pool
690150,TWENTYNINE PALMS,CA,34.3,-116.167,-8,626,II,12
690190,ABILENE DYESS AFB,TX,32.433,-99.85,-6,545,II,12
690230,WHIDBEY ISLAND NAS,WA,48.35,-122.667,-8,10,II,12
699604,YUMA MCAS,AZ,32.65,-114.617,-7,65,II,12
700197,SELAWIK,AK,66.6,-160,-9,8,III,11
700260,BARROW W POST-W ROGERS ARPT [NSA - ARM],AK,71.32,-156.62,-9,10,II,24
700637,DEADHORSE,AK,70.2,-148.483,-9,23,II,12
701043,POINT HOPE (AWOS),AK,68.35,-166.8,-9,4,II,12
701195,SHISHMAREF (AWOS),AK,66.267,-166.05,-9,2,II,12
701330,KOTZEBUE RALPH WEIN MEMORIAL,AK,66.883,-162.6,-9,3,II,24
701625,ANAKTUVUK PASS,AK,68.133,-151.733,-9,657,III,11
701718,AMBLER,AK,67.1,-157.85,-9,88,II,12
701740,BETTLES FIELD,AK,66.917,-151.517,-9,196,II,24
701780,TANANA RALPH M CALHOUN MEM AP,AK,65.167,-152.1,-9,71,II,12
701940,FORT YUKON,AK,66.567,-145.267,-9,136,III,10
702000,NOME MUNICIPAL ARPT,AK,64.517,-165.45,-9,4,II,24
702005,SAINT MARY`S (AWOS),AK,62.067,-163.3,-9,95,II,12
702035,SAVOONGA,AK,63.683,-170.5,-9,17,III,12
702040,GAMBELL,AK,63.783,-171.75,-9,8,III,10
702070,UNALAKLEET FIELD,AK,63.883,-160.8,-9,5,III,11
702075,ANVIK,AK,62.65,-160.183,-9,99,III,10
702084,EMMONAK,AK,62.783,-164.5,-9,4,II,12
702185,MEKORYUK,AK,60.367,-166.267,-9,15,II,12
702186,HOOPER BAY,AK,61.517,-166.15,-9,6,II,12
702190,BETHEL AIRPORT,AK,60.783,-161.833,-9,38,II,24
702225,HUSLIA,AK,65.7,-156.383,-9,55,III,10
702310,MCGRATH ARPT,AK,62.95,-155.6,-9,105,II,24
702320,ANIAK AIRPORT,AK,61.583,-159.533,-9,26,III,11
702460,MINCHUMINA,AK,63.883,-152.283,-9,213,II,12
702495,HAYES RIVER,AK,61.983,-152.083,-9,305,II,12
702510,TALKEETNA STATE ARPT,AK,62.317,-150.1,-9,105,II,24
702590,KENAI MUNICIPAL AP,AK,60.583,-151.233,-9,26,II,12
702595,SOLDOTNA,AK,60.467,-151.033,-9,34,III,12
702600,NENANA MUNICIPAL AP,AK,64.55,-149.1,-9,109,II,12
702606,CHULITNA,AK,62.883,-149.833,-9,381,II,12
702607,HOONAH,AK,58.083,-135.45,-9,6,II,12
702610,FAIRBANKS INTL ARPT,AK,64.817,-147.85,-9,133,II,24
702647,HEALY RIVER AIRPORT,AK,63.883,-149.017,-9,396,II,12
702650,FAIRBANKS/EIELSON A,AK,64.65,-147.1,-9,167,II,12
702670,BIG DELTA ALLEN AAF,AK,64,-145.717,-9,386,II,24
702710,GULKANA INTERMEDIATE FIELD,AK,62.15,-145.45,-9,478,II,24
702720,ANCHORAGE/ELMENDORF,AK,61.25,-149.8,-9,59,II,12
702725,LAKE HOOD SEAPLANE,AK,61.183,-149.967,-9,22,III,12
702730,ANCHORAGE INTL AP,AK,61.183,-150,-9,35,II,24
702735,ANCHORAGE MERRILL FIELD,AK,61.217,-149.85,-9,42,II,12
702740,PALMER MUNICIPAL,AK,61.6,-149.083,-9,71,II,12
702746,BIRCHWOOD,AK,61.417,-149.517,-9,30,III,11
702750,VALDEZ WSO,AK,61.133,-146.35,-9,7,II,12
702756,VALDEZ PIONEER FIEL,AK,61.133,-146.267,-9,38,II,12
702757,WHITTIER,AK,60.767,-148.683,-9,9,II,12
702770,SEWARD,AK,60.117,-149.45,-9,18,II,12
702910,NORTHWAY AIRPORT,AK,62.967,-141.933,-9,522,II,12
702960,CORDOVA,AK,60.5,-145.5,-9,12,II,12
702986,BIG RIVER LAKE,AK,60.817,-152.3,-9,12,II,12
703080,ST PAUL ISLAND ARPT,AK,57.167,-170.217,-9,7,II,24
703160,COLD BAY ARPT,AK,55.2,-162.717,-9,29,II,24
703165,SAND POINT,AK,55.317,-160.517,-9,7,II,12
703210,DILLINGHAM (AMOS),AK,59.05,-158.517,-9,29,II,12
703260,KING SALMON ARPT,AK,58.683,-156.65,-9,15,II,24
703330,PORT HEIDEN,AK,56.95,-158.617,-9,29,II,12
703400,ILIAMNA ARPT,AK,59.75,-154.917,-9,57,II,12
703407,SLEETMUTE,AK,61.717,-157.15,-9,54,III,11
703410,HOMER ARPT,AK,59.65,-151.483,-9,27,II,12
703430,MIDDLETON ISLAND AUT,AK,59.467,-146.317,-9,14,II,12
703500,KODIAK AIRPORT,AK,57.75,-152.5,-9,5,II,24
703606,TOGIAC VILLAGE AWOS,AK,59.05,-160.4,-9,6,II,12
703610,YAKUTAT STATE ARPT,AK,59.517,-139.633,-9,8,II,24
703620,SKAGWAY AIRPORT,AK,59.467,-135.3,-9,9,II,12
703670,GUSTAVUS,AK,58.417,-135.7,-9,12,II,12
703710,SITKA JAPONSKI AP,AK,57.05,-135.367,-9,4,II,12
703810,JUNEAU INT'L ARPT,AK,58.35,-134.583,-9,4,II,12
703855,KAKE SEAPLANE BASE,AK,56.967,-133.95,-9,0,II,12
703860,PETERSBURG,AK,56.8,-132.95,-9,33,II,12
703870,WRANGELL,AK,56.483,-132.367,-9,13,II,12
703884,HYDABURG SEAPLANE,AK,55.2,-132.833,-9,0,III,11
703950,KETCHIKAN INTL AP,AK,55.367,-131.717,-9,23,II,12
703980,ANNETTE ISLAND AP,AK,55.05,-131.567,-9,33,II,24
704140,SHEMYA AFB,AK,52.717,174.117,-10,31,II,12
704540,ADAK NAS,AK,51.883,-176.65,-10,5,III,10
704890,DUTCH HARBOR,AK,53.9,-166.55,-9,4,II,12
722010,KEY WEST INTL ARPT,FL,24.55,-81.75,-5,1,I,24
722015,KEY WEST NAS,FL,24.583,-81.683,-5,7,II,12
722016,MARATHON AIRPORT,FL,24.733,-81.05,-5,2,II,12
722020,MIAMI INTL AP,FL,25.817,-80.3,-5,11,I,24
722024,MIAMI/OPA LOCKA,FL,25.9,-80.283,-5,3,II,12
722025,FORT LAUDERDALE HOLLYWOOD INT,FL,26.067,-80.15,-5,3,II,12
722026,HOMESTEAD AFB,FL,25.483,-80.383,-5,5,II,12
722029,MIAMI/KENDALL-TAMIA,FL,25.65,-80.433,-5,3,II,12
722030,WEST PALM BEACH INTL ARPT,FL,26.683,-80.1,-5,6,II,24
722038,NAPLES MUNICIPAL,FL,26.15,-81.767,-5,3,III,10
722039,FORT LAUDERDALE,FL,26.2,-80.167,-5,4,II,12
722040,MELBOURNE REGIONAL AP,FL,28.117,-80.65,-5,11,II,12
722045,VERO BEACH MUNICIPAL ARPT,FL,27.65,-80.417,-5,7,I,12
722050,ORLANDO INTL ARPT,FL,28.433,-81.333,-5,29,I,12
722053,ORLANDO EXECUTIVE AP,FL,28.55,-81.333,-5,33,II,12
722055,OCALA MUNI (AWOS),FL,29.167,-82.217,-5,27,II,12
722056,DAYTONA BEACH INTL AP,FL,29.183,-81.067,-5,9,I,24
722057,ORLANDO SANFORD AIRPORT,FL,28.783,-81.25,-5,17,II,12
722060,JACKSONVILLE INTL ARPT,FL,30.5,-81.7,-5,8,I,24
722065,JACKSONVILLE NAS,FL,30.233,-81.667,-5,9,II,12
722066,MAYPORT NS,FL,30.4,-81.417,-5,5,II,12
722068,JACKSONVILLE/CRAIG,FL,30.333,-81.517,-5,12,II,12
722070,SAVANNAH INTL AP,GA,32.117,-81.2,-5,14,I,24
722080,CHARLESTON INTL ARPT,SC,32.9,-80.033,-5,12,I,24
722085,BEAUFORT MCAS,SC,32.483,-80.717,-5,10,II,12
722103,ST LUCIE CO INTL,FL,27.483,-80.367,-5,7,II,12
722104,ST PETERSBURG ALBERT WHITTED,FL,27.767,-82.633,-5,2,II,12
722106,FORT MYERS PAGE FIELD,FL,26.583,-81.867,-5,5,I,12
722108,SOUTHWEST FLORIDA I,FL,26.533,-81.75,-5,9,II,12
722110,TAMPA INTERNATIONAL AP,FL,27.967,-82.533,-5,6,I,24
722115,SARASOTA BRADENTON,FL,27.383,-82.55,-5,10,II,12
722116,ST PETERSBURG CLEAR,FL,27.9,-82.683,-5,3,II,12
722119,LAKELAND LINDER RGN,FL,27.983,-82.017,-5,43,II,12
722135,ALMA BACON COUNTY AP,GA,31.533,-82.5,-5,63,II,12
722136,BRUNSWICK GOLDEN IS,GA,31.25,-81.467,-5,8,II,12
722137,BRUNSWICK MALCOLM MCKINNON AP,GA,31.15,-81.383,-5,4,II,12
722140,TALLAHASSEE REGIONAL AP [ISIS],FL,30.38,-84.37,-5,21,I,24
722146,GAINESVILLE REGIONAL AP,FL,29.7,-82.283,-5,41,I,12
722160,ALBANY DOUGHERTY COUNTY AP,GA,31.533,-84.183,-5,58,II,12
722166,VALDOSTA WB AIRPORT,GA,30.783,-83.283,-5,61,II,12
722170,MACON MIDDLE GA REGIONAL AP,GA,32.683,-83.65,-5,108,I,24
722175,WARNER ROBINS AFB,GA,32.633,-83.6,-5,92,II,12
722180,AUGUSTA BUSH FIELD,GA,33.367,-81.967,-5,40,I,24
722190,ATLANTA HARTSFIELD INTL AP,GA,33.633,-84.433,-5,308,I,24
722195,FULTON CO ARPT BROW,GA,33.767,-84.517,-5,263,II,12
722196,DEKALB PEACHTREE,GA,33.867,-84.3,-5,313,II,12
722210,VALPARAISO ELGIN AFB,FL,30.483,-86.517,-6,20,II,12
722215,CRESTVIEW BOB SIKES AP,FL,30.783,-86.517,-6,58,II,12
722223,PENSACOLA REGIONAL AP,FL,30.483,-87.183,-6,34,I,12
722225,PENSACOLA FOREST SHERMAN NAS,FL,30.35,-87.317,-6,10,II,12
722226,WHITING FIELD NAAS,FL,30.717,-87.017,-6,54,II,12
722230,MOBILE REGIONAL AP,AL,30.683,-88.25,-6,66,I,24
722235,MOBILE DOWNTOWN AP,AL,30.633,-88.067,-6,8,II,12
722245,PANAMA CITY BAY CO,FL,30.2,-85.683,-6,6,II,12
722250,FORT BENNING LAWSON,GA,32.35,-85,-6,88,II,12
722255,COLUMBUS METROPOLITAN ARPT,GA,32.517,-84.95,-6,120,I,24
722260,MONTGOMERY DANNELLY FIELD,AL,32.3,-86.4,-6,62,I,24
722265,MAXWELL AFB,AL,32.383,-86.35,-6,53,II,12
722267,TROY AF,AL,31.867,-86.017,-6,120,II,12
722268,DOTHAN MUNICIPAL AP,AL,31.233,-85.433,-6,98,II,12
722269,CAIRNS FIELD FORT RUCKER,AL,31.267,-85.717,-6,91,II,12
722270,MARIETTA DOBBINS AFB,GA,33.917,-84.517,-5,330,II,12
722280,BIRMINGHAM MUNICIPAL AP,AL,33.567,-86.75,-6,189,I,24
722284,AUBURN-OPELIKA APT,AL,32.616,-85.433,-6,236,III,12
722285,GADSEN MUNI (AWOS),AL,33.967,-86.083,-6,173,III,12
722286,TUSCALOOSA MUNICIPAL AP,AL,33.217,-87.617,-6,51,II,12
722287,ANNISTON METROPOLITAN AP,AL,33.583,-85.85,-6,186,II,12
722310,NEW ORLEANS INTL ARPT,LA,30,-90.25,-6,1,I,24
722314,NEW IBERIA NAAS,LA,30.033,-91.883,-6,8,II,12
722315,NEW ORLEANS LAKEFRONT AP,LA,30.05,-90.033,-6,3,II,12
722316,NEW ORLEANS ALVIN CALLENDER F,LA,29.817,-90.017,-6,2,II,12
722317,BATON ROUGE RYAN ARPT,LA,30.533,-91.15,-6,20,II,24
722329,PATTERSON MEMORIAL,LA,29.717,-91.333,-6,3,II,12
722340,MERIDIAN KEY FIELD,MS,32.333,-88.75,-6,90,I,24
722345,MERIDIAN NAAS,MS,32.55,-88.567,-6,83,II,12
722348,HATTIESBURG LAUREL,MS,31.467,-89.333,-6,93,II,12
722350,JACKSON INTERNATIONAL AP,MS,32.317,-90.083,-6,94,I,24
722356,GREENVILLE MUNICIPAL,MS,33.483,-90.983,-6,42,II,12
722357,NATCHEZ/HARDY(AWOS),MS,31.617,-91.3,-6,83,II,12
722358,MCCOMB PIKE COUNTY AP,MS,31.233,-90.467,-6,126,II,12
722359,GREENWOOD LEFLORE ARPT,MS,33.5,-90.083,-6,47,II,12
722390,FORT POLK AAF,LA,31.05,-93.183,-6,102,II,12
722400,LAKE CHARLES REGIONAL ARPT,LA,30.117,-93.233,-6,5,I,24
722404,LAKE CHARLES WB AIRP,LA,30.217,-93.167,-6,5,III,10
722405,LAFAYETTE REGIONAL AP,LA,30.2,-91.983,-6,12,II,12
722406,HOUMA-TERREBONNE,LA,29.567,-90.667,-6,3,II,12
722410,PORT ARTHUR JEFFERSON COUNTY,TX,29.95,-94.017,-6,5,I,24
722420,GALVESTON/SCHOLES,TX,29.3,-94.8,-6,16,II,12
722429,HOUSTON/D.W. HOOKS,TX,30.067,-95.55,-6,46,II,12
722430,HOUSTON BUSH INTERCONTINENTAL,TX,30,-95.367,-6,29,I,24
722435,HOUSTON WILLIAM P HOBBY AP,TX,29.65,-95.283,-6,13,II,12
722436,HOUSTON ELLINGTON AFB [CLEAR LAKE - UT],TX,29.57,-95.09,-6,6,II,12
722445,COLLEGE STATION EASTERWOOD FL,TX,30.583,-96.367,-6,96,II,12
722446,LUFKIN ANGELINA CO,TX,31.233,-94.75,-6,86,I,24
722448,TYLER/POUNDS FLD,TX,32.35,-95.4,-6,166,II,12
722470,LONGVIEW GREGG COUNTY AP [OVERTON - UT],TX,32.29,-94.98,-6,146,II,12
722480,SHREVEPORT REGIONAL ARPT,LA,32.45,-93.817,-6,77,I,24
722484,SHREVEPORT DOWNTOWN,LA,32.533,-93.75,-6,55,III,10
722485,BARKSDALE AFB,LA,32.5,-93.667,-6,54,II,12
722486,MONROE REGIONAL AP,LA,32.517,-92.033,-6,40,II,12
722487,ALEXANDRIA ESLER REGIONAL AP,LA,31.4,-92.3,-6,34,II,12
722499,NACOGDOCHES (AWOS),TX,31.583,-94.717,-6,108,III,12
722500,BROWNSVILLE S PADRE ISL INTL,TX,25.9,-97.433,-6,6,I,24
722505,HARLINGEN RIO GRANDE VALLEY I,TX,26.233,-97.65,-6,10,II,12
722506,MCALLEN MILLER INTL AP [EDINBURG - UT],TX,26.31,-98.17,-6,30,II,12
722510,CORPUS CHRISTI INTL ARPT [UT],TX,27.88,-97.63,-6,6,I,24
722515,CORPUS CHRISTI NAS,TX,27.683,-97.283,-6,6,II,12
722516,KINGSVILLE,TX,27.5,-97.817,-6,17,II,12
722517,ALICE INTL AP,TX,27.733,-98.033,-6,53,II,12
722520,LAREDO INTL AP [UT],TX,27.57,-99.49,-6,142,II,12
722523,SAN ANTONIO/STINSON,TX,29.333,-98.467,-6,176,III,10
722524,ROCKPORT/ARANSAS CO,TX,28.083,-97.05,-6,8,II,12
722526,COTULLA FAA AP,TX,28.45,-99.217,-6,141,II,12
722530,SAN ANTONIO INTL AP,TX,29.533,-98.467,-6,247,I,24
722533,HONDO MUNICIPAL AP,TX,29.367,-99.167,-6,280,III,10
722535,SAN ANTONIO KELLY FIELD AFB,TX,29.383,-98.583,-6,208,II,12
722536,RANDOLPH AFB,TX,29.533,-98.283,-6,232,II,12
722540,AUSTIN MUELLER MUNICIPAL AP [UT],TX,30.29,-97.74,-6,213,I,12
722544,CAMP MABRY,TX,30.317,-97.767,-6,198,III,16
722547,GEORGETOWN (AWOS),TX,30.683,-97.683,-6,240,III,12
722550,VICTORIA REGIONAL AP,TX,28.867,-96.933,-6,35,I,24
722555,PALACIOS MUNICIPAL AP,TX,28.717,-96.25,-6,5,II,12
722560,WACO REGIONAL AP,TX,31.617,-97.233,-6,152,I,24
722563,MC GREGOR (AWOS),TX,31.483,-97.317,-6,180,III,12
722570,FORT HOOD,TX,31.133,-97.717,-6,280,II,12
722575,KILLEEN MUNI (AWOS),TX,31.083,-97.683,-6,258,II,12
722576,ROBERT GRAY AAF,TX,31.067,-97.833,-6,312,II,12
722577,DRAUGHON MILLER CEN,TX,31.15,-97.4,-6,213,II,12
722583,DALLAS LOVE FIELD,TX,32.85,-96.85,-6,134,II,12
722587,COX FLD,TX,33.633,-95.45,-6,171,III,12
722588,GREENVILLE/MAJORS,TX,33.067,-96.067,-6,163,II,12
722590,DALLAS-FORT WORTH INTL AP,TX,32.9,-97.017,-6,171,I,24
722594,FORT WORTH ALLIANCE,TX,32.983,-97.317,-6,226,II,12
722595,FORT WORTH NAS,TX,32.767,-97.45,-6,185,II,12
722596,FORT WORTH MEACHAM,TX,32.817,-97.367,-6,209,II,12
722597,MINERAL WELLS MUNICIPAL AP,TX,32.783,-98.067,-6,284,II,12
722598,DALLAS/ADDISON ARPT,TX,32.967,-96.833,-6,196,II,12
722599,DALLAS/REDBIRD ARPT,TX,32.683,-96.867,-6,201,II,12
722610,DEL RIO [UT],TX,29.38,-100.91,-6,308,II,12
722615,DEL RIO LAUGHLIN AFB,TX,29.367,-100.783,-6,327,II,12
722630,SAN ANGELO MATHIS FIELD,TX,31.35,-100.5,-6,584,I,24
722636,DALHART MUNICIPAL AP,TX,36.017,-102.55,-6,1216,II,12
722640,MARFA AP,TX,30.367,-104.017,-6,1473,III,10
722650,MIDLAND INTERNATIONAL AP,TX,31.95,-102.183,-6,872,I,24
722656,WINK WINKLER COUNTY AP,TX,31.783,-103.2,-6,856,II,12
722660,ABILENE REGIONAL AP [UT],TX,32.47,-99.71,-6,530,I,24
722670,LUBBOCK INTERNATIONAL AP,TX,33.667,-101.817,-6,992,I,24
722680,ROSWELL INDUSTRIAL AIR PARK,NM,33.3,-104.533,-7,1112,I,12
722683,SIERRA BLANCA RGNL,NM,33.467,-105.533,-7,2078,III,10
722686,CLOVIS CANNON AFB,NM,34.383,-103.317,-7,1309,II,12
722687,CARLSBAD CAVERN CITY AIR TERM,NM,32.333,-104.267,-7,985,II,12
722689,CLOVIS MUNI  (AWOS),NM,34.433,-103.083,-7,1284,III,12
722695,LAS CRUCES INTL,NM,32.283,-106.917,-7,1393,II,12
722700,EL PASO INTERNATIONAL AP [UT],TX,31.77,-106.5,-7,1186,I,24
722710,TRUTH OR CONSEQUENCES MUNI AP,NM,33.233,-107.267,-7,1478,II,12
722725,DEMING MUNI,NM,32.25,-107.717,-7,1348,II,12
722735,DOUGLAS BISBEE-DOUGLAS INTL A,AZ,31.467,-109.6,-7,1249,II,12
722740,TUCSON INTERNATIONAL AP,AZ,32.133,-110.95,-7,777,I,24
722745,DAVIS MONTHAN AFB,AZ,32.167,-110.883,-7,809,II,12
722747,SAFFORD (AMOS),AZ,32.817,-109.683,-7,950,III,10
722748,CASA GRANDA (AWOS),AZ,32.95,-111.767,-7,446,III,12
722780,PHOENIX SKY HARBOR INTL AP,AZ,33.45,-111.983,-7,337,I,24
722784,DEER VALLEY/PHOENIX,AZ,33.683,-112.083,-7,450,II,12
722785,LUKE AFB,AZ,33.55,-112.367,-7,331,II,12
722789,SCOTTSDALE MUNI,AZ,33.617,-111.917,-7,460,II,12
722800,YUMA INTL ARPT,AZ,32.667,-114.6,-7,63,II,12
722860,MARCH AFB,CA,33.9,-117.25,-8,462,II,12
722868,PALM SPRINGS INTL,CA,33.833,-116.5,-8,145,II,12
722869,RIVERSIDE MUNI,CA,33.95,-117.45,-8,256,II,12
722880,BURBANK-GLENDALE-PASSADENA AP,CA,34.2,-118.35,-8,226,II,12
722885,SANTA MONICA MUNI,CA,34.017,-118.45,-8,53,II,12
722886,VAN NUYS AIRPORT,CA,34.217,-118.483,-8,235,II,12
722895,LOMPOC (AWOS),CA,34.667,-120.467,-8,27,III,12
722897,SAN LUIS CO RGNL,CA,35.233,-120.633,-8,66,II,12
722899,CHINO AIRPORT,CA,33.967,-117.633,-8,198,III,11
722900,SAN DIEGO LINDBERGH FIELD,CA,32.733,-117.167,-8,4,I,24
722903,SAN DIEGO/MONTGOMER,CA,32.817,-117.133,-8,129,II,12
722904,CHULA VISTA BROWN FIELD NAAS,CA,32.583,-116.983,-8,159,II,12
722906,SAN DIEGO NORTH ISLAND NAS,CA,32.7,-117.2,-8,15,II,12
722926,CAMP PENDLETON MCAS,CA,33.3,-117.35,-8,23,II,12
722927,CARLSBAD/PALOMAR,CA,33.133,-117.283,-8,100,II,12
722930,SAN DIEGO MIRAMAR NAS,CA,32.867,-117.133,-8,140,II,12
722950,LOS ANGELES INTL ARPT,CA,33.933,-118.4,-8,30,I,24
722956,JACK NORTHROP FLD H,CA,33.917,-118.333,-8,21,II,12
722970,LONG BEACH DAUGHERTY FLD,CA,33.833,-118.167,-8,8,I,24
722976,FULLERTON MUNICIPAL,CA,33.867,-117.983,-8,29,II,12
722977,SANTA ANA JOHN WAYNE AP,CA,33.683,-117.867,-8,16,II,12
723013,WILMINGTON INTERNATIONAL ARPT,NC,34.267,-77.9,-5,9,I,24
723030,FAYETTEVILLE POPE AFB,NC,35.167,-79.017,-5,66,II,12
723035,FAYETTEVILLE RGNL G,NC,34.983,-78.883,-5,59,II,12
723040,CAPE HATTERAS NWS BLDG,NC,35.267,-75.55,-5,3,I,24
723046,DARE CO RGNL,NC,35.917,-75.7,-5,4,II,12
723060,RALEIGH DURHAM INTERNATIONAL,NC,35.867,-78.783,-5,127,I,24
723065,PITT GREENVILLE ARP,NC,35.633,-77.4,-5,8,III,11
723066,GOLDSBORO SEYMOUR JOHNSON AFB,NC,35.35,-77.967,-5,33,II,12
723067,KINSTON STALLINGS AFB,NC,35.317,-77.633,-5,29,II,12
723068,ROCKY MOUNT WILSON,NC,35.85,-77.9,-5,50,II,12
723069,JACKSONVILLE (AWOS),NC,34.833,-77.617,-5,29,II,12
723075,OCEANA NAS,VA,36.817,-76.033,-5,8,II,12
723080,NORFOLK INTERNATIONAL AP,VA,36.9,-76.2,-5,7,I,24
723083,FRANKLIN NAAS,VA,36.7,-76.9,-5,12,III,11
723085,NORFOLK NAS,VA,36.95,-76.283,-5,10,II,12
723086,NEWPORT NEWS,VA,37.133,-76.5,-5,13,II,12
723090,CHERRY POINT MCAS,NC,34.9,-76.883,-5,11,II,12
723095,NEW BERN CRAVEN CO REGL AP,NC,35.067,-77.05,-5,5,II,12
723096,NEW RIVER MCAF,NC,34.7,-77.383,-5,5,II,12
723100,COLUMBIA METRO ARPT,SC,33.95,-81.117,-5,65,I,24
723106,FLORENCE REGIONAL AP,SC,34.183,-79.733,-5,44,II,12
723110,ATHENS BEN EPPS AP,GA,33.95,-83.333,-5,244,I,24
723119,GREENVILLE DOWNTOWN AP,SC,34.85,-82.35,-5,319,II,12
723120,GREER GREENV'L-SPARTANBRG AP,SC,34.9,-82.217,-5,292,I,24
723125,ANDERSON COUNTY AP,SC,34.5,-82.717,-5,232,II,12
723140,CHARLOTTE DOUGLAS INTL ARPT,NC,35.217,-80.95,-5,222,I,24
723143,SOUTHERN PINES AWOS,NC,35.233,-79.4,-5,141,III,12
723145,HICKORY REGIONAL AP,NC,35.733,-81.383,-5,348,II,12
723150,ASHEVILLE REGIONAL ARPT,NC,35.433,-82.533,-5,652,I,24
723170,GREENSBORO PIEDMONT TRIAD INT,NC,36.1,-79.95,-5,273,I,24
723183,BRISTOL TRI CITY AIRPORT,TN,36.467,-82.4,-5,457,I,24
723193,WINSTON-SALEM REYNOLDS AP,NC,36.133,-80.217,-5,296,II,12
723200,ROME R B RUSSELL AP,GA,34.35,-85.167,-5,195,III,12
723230,HUNTSVILLE INTL/JONES FIELD,AL,34.65,-86.783,-6,190,I,24
723235,MUSCLE SHOALS REGIONAL AP,AL,34.75,-87.6,-6,165,II,12
723240,CHATTANOOGA LOVELL FIELD AP,TN,35.033,-85.2,-5,204,I,24
723260,KNOXVILLE MCGHEE TYSON AP,TN,35.817,-83.983,-5,293,I,24
723265,CROSSVILLE MEMORIAL AP,TN,35.95,-85.083,-6,569,II,12
723270,NASHVILLE INTERNATIONAL AP,TN,36.117,-86.683,-6,177,I,24
723300,POPLAR BLUFF(AMOS),MO,36.767,-90.467,-6,146,III,10
723306,COLUMBUS AFB,MS,33.65,-88.45,-6,68,II,12
723307,GOLDEN TRI(AWOS),MS,33.45,-88.583,-6,80,II,12
723320,TUPELO C D LEMONS ARPT,MS,34.267,-88.767,-6,110,II,12
723340,MEMPHIS INTERNATIONAL AP,TN,35.067,-89.983,-6,81,I,24
723346,JACKSON MCKELLAR-SIPES REGL A,TN,35.6,-88.917,-6,132,II,12
723347,DYERSBURG MUNICIPAL AP,TN,36.017,-89.4,-6,103,II,12
723403,LITTLE ROCK ADAMS FIELD,AR,34.75,-92.233,-6,78,I,24
723405,LITTLE ROCK AFB,AR,34.917,-92.15,-6,103,II,12
723406,WALNUT RIDGE (AWOS),AR,36.133,-90.917,-6,83,II,12
723407,JONESBORO MUNI,AR,35.833,-90.65,-6,82,II,12
723415,MEMORIAL FLD,AR,34.467,-93.1,-6,169,II,12
723416,STUTTGART (AWOS),AR,34.6,-91.567,-6,68,II,12
723417,PINE BLUFF FAA AP,AR,34.167,-91.933,-6,63,II,12
723418,TEXARKANA WEBB FIELD,AR,33.45,-94,-6,110,II,12
723419,EL DORADO GOODWIN FIELD,AR,33.217,-92.817,-6,77,II,12
723434,SPRINGDALE MUNI,AR,36.183,-94.117,-6,412,III,10
723440,FORT SMITH REGIONAL AP,AR,35.333,-94.367,-6,137,II,24
723443,SILOAM SPRING(AWOS),AR,36.183,-94.483,-6,364,III,12
723444,BENTONVILLE (AWOS),AR,36.35,-94.217,-6,395,III,12
723445,FAYETTEVILLE DRAKE FIELD,AR,36,-94.167,-6,381,II,12
723446,HARRISON FAA AP,AR,36.267,-93.15,-6,419,II,12
723447,FLIPPIN (AWOS),AR,36.3,-92.467,-6,350,III,12
723448,BATESVILLE (AWOS),AR,35.733,-91.65,-6,141,III,12
723449,ROGERS (AWOS),AR,36.367,-94.1,-6,415,III,12
723489,CAPE GIRARDEAU MUNICIPAL AP,MO,37.233,-89.567,-6,103,II,12
723495,JOPLIN MUNICIPAL AP,MO,37.15,-94.5,-6,297,II,12
723510,WICHITA FALLS MUNICIPAL ARPT,TX,33.983,-98.5,-6,314,II,24
723520,ALTUS AFB,OK,34.65,-99.267,-6,414,II,12
723525,HOBART MUNICIPAL AP,OK,35,-99.05,-6,478,II,12
723526,CLINTON-SHERMAN,OK,35.333,-99.2,-6,586,III,10
723527,GAGE AIRPORT,OK,36.3,-99.767,-6,668,II,12
723530,OKLAHOMA CITY WILL ROGERS WOR,OK,35.383,-97.6,-6,398,II,24
723535,VANCE AFB,OK,36.333,-97.917,-6,408,II,12
723540,OKLAHOMA CITY TINKER AFB,OK,35.417,-97.383,-6,384,II,12
723544,OKLAHOMA CITY/WILEY,OK,35.533,-97.65,-6,396,II,12
723545,STILLWATER RGNL,OK,36.15,-97.083,-6,308,II,12
723546,PONCA CITY MUNICIPAL AP [SGP - ARM],OK,36.61,-97.49,-6,318,II,12
723550,FORT SILL POST FIELD AF,OK,34.65,-98.4,-6,369,II,12
723560,TULSA INTERNATIONAL AIRPORT,OK,36.2,-95.883,-6,198,II,24
723565,BARTLESVILLE/PHILLI,OK,36.767,-96.017,-6,218,II,12
723566,MCALESTER MUNICIPAL AP,OK,34.9,-95.783,-6,232,II,12
723575,LAWTON MUNICIPAL,OK,34.567,-98.417,-6,338,II,12
723600,CLAYTON MUNICIPAL AIRPARK,NM,36.45,-103.15,-7,1512,II,12
723604,CHILDRESS MUNICIPAL AP,TX,34.433,-100.283,-6,595,II,12
723627,GALLUP SEN CLARKE FLD,NM,35.517,-108.783,-7,1971,I,12
723630,AMARILLO INTERNATIONAL AP [CANYON - UT],TX,34.99,-101.9,-6,1068,II,24
723650,ALBUQUERQUE INTL ARPT [ISIS],NM,35.04,-106.62,-7,1619,I,24
723656,SATA FE COUNTY MUNICIPAL AP,NM,35.617,-106.083,-7,1934,II,12
723658,FARMINGTON FOUR CORNERS REGL,NM,36.75,-108.233,-7,1675,II,12
723663,TAOS MUNI APT(AWOS),NM,36.45,-105.667,-7,2161,III,12
723676,TUCUMCARI FAA AP,NM,35.183,-103.6,-7,1235,II,21
723677,LAS VEGAS MUNICIPAL ARPT,NM,35.65,-105.15,-7,2093,II,12
723700,KINGMAN (AMOS),AZ,35.267,-113.95,-7,1033,II,12
723710,PAGE MUNI (AMOS),AZ,36.933,-111.45,-7,1304,III,10
723723,PRESCOTT LOVE FIELD,AZ,34.65,-112.417,-7,1537,I,24
723740,WINSLOW MUNICIPAL AP,AZ,35.033,-110.717,-7,1490,II,12
723747,SHOW LOW MUNICIPAL,AZ,34.267,-110,-7,1954,II,12
723755,FLAGSTAFF PULLIAM ARPT,AZ,35.133,-111.667,-7,2132,III,22
723783,GRAND CANYON NATL P,AZ,35.95,-112.15,-7,2065,II,12
723805,NEEDLES AIRPORT,CA,34.767,-114.617,-8,279,II,12
723810,EDWARDS AFB,CA,34.9,-117.867,-8,706,II,12
723815,DAGGETT BARSTOW-DAGGETT AP,CA,34.85,-116.8,-8,586,I,24
723816,LANCASTER GEN WM FOX FIELD,CA,34.733,-118.217,-8,713,II,12
723820,PALMDALE AIRPORT,CA,34.633,-118.083,-8,769,II,12
723830,SANDBERG,CA,34.75,-118.717,-8,1377,III,10
723840,BAKERSFIELD MEADOWS FIELD,CA,35.433,-119.05,-8,149,I,24
723860,LAS VEGAS MCCARRAN INTL AP,NV,36.083,-115.15,-8,648,I,24
723865,NELLIS AFB,NV,36.25,-115.033,-8,573,II,12
723870,MERCURY DESERT ROCK AP [SURFRAD],NV,36.63,-116.02,-8,935,I,12
723890,FRESNO YOSEMITE INTL AP,CA,36.783,-119.717,-8,102,I,24
723895,PORTERVILLE (AWOS),CA,36.033,-119.067,-8,135,III,12
723896,VISALIA MUNI (AWOS),CA,36.317,-119.4,-8,89,II,12
723910,POINT MUGU NF,CA,34.117,-119.117,-8,3,II,12
723925,SANTA BARBARA MUNICIPAL AP,CA,34.433,-119.85,-8,3,I,12
723926,CAMARILLO (AWOS),CA,34.217,-119.083,-8,23,III,12
723927,OXNARD AIRPORT,CA,34.2,-119.2,-8,11,II,12
723940,SANTA MARIA PUBLIC ARPT,CA,34.917,-120.467,-8,77,I,24
723965,PASO ROBLES MUNICIPAL ARPT,CA,35.667,-120.633,-8,244,II,12
724010,RICHMOND INTERNATIONAL AP,VA,37.517,-77.317,-5,50,I,24
724014,DINWIDDIE CO,VA,37.183,-77.517,-5,60,III,12
724016,CHARLOTTESVILLE FAA,VA,38.133,-78.45,-5,190,II,12
724017,FARMVILLE,VA,37.35,-78.433,-5,125,III,11
724026,MELFA/ACCOMACK ARPT,VA,37.65,-75.767,-5,15,III,11
724030,WASHINGTON DC DULLES INT'L AR [STERLING - ISIS],VA,38.98,-77.47,-5,82,I,24
724033,SHANNON ARPT,VA,38.267,-77.45,-5,26,III,11
724035,QUANTICO MCAS,VA,38.5,-77.3,-5,4,II,12
724036,MANASSAS MUNI(AWOS),VA,38.717,-77.517,-5,59,III,12
724037,DAVISON AAF,VA,38.717,-77.183,-5,27,II,12
724040,PATUXENT RIVER NAS,MD,38.3,-76.417,-5,14,II,12
724045,SALISBURY WICOMICO CO AP,MD,38.333,-75.517,-5,15,II,12
724050,WASHINGTON DC REAGAN AP,VA,38.867,-77.033,-5,3,I,12
724053,WINCHESTER RGNL,VA,39.15,-78.15,-5,222,III,11
724055,LEESBURG/GODFREY,VA,39.083,-77.567,-5,119,III,11
724056,MARION / WYTHEVILLE,VA,36.9,-81.35,-5,780,III,10
724058,ABINGTON,VA,36.683,-82.033,-5,631,III,10
724060,BALTIMORE BLT-WASHNGTN INT'L,MD,39.167,-76.683,-5,45,I,24
724066,HAGERSTOWN RGNL RIC,MD,39.7,-77.733,-5,220,II,12
724070,ATLANTIC CITY INTL AP,NJ,39.45,-74.567,-5,18,I,24
724075,MILLVILLE MUNICIPAL AP,NJ,39.367,-75.083,-5,21,II,12
724080,PHILADELPHIA INTERNATIONAL AP,PA,39.867,-75.233,-5,2,I,24
724084,BELMAR ASC,NJ,40.183,-74.067,-5,26,III,12
724085,PHILADELPHIA NE PHILADELPHIA,PA,40.083,-75.017,-5,30,II,12
724086,WILLOW GROVE NAS,PA,40.2,-75.15,-5,102,II,12
724088,DOVER AFB,DE,39.133,-75.467,-5,7,II,12
724089,WILMINGTON NEW CASTLE CNTY AP,DE,39.667,-75.6,-5,23,I,24
724094,CALDWELL/ESSEX CO.,NJ,40.883,-74.283,-5,53,II,12
724095,TRENTON MERCER COUNTY AP,NJ,40.283,-74.817,-5,65,II,12
724096,MCGUIRE AFB,NJ,40.017,-74.6,-5,45,II,12
724100,LYNCHBURG REGIONAL ARPT,VA,37.333,-79.2,-5,286,I,24
724105,STAUNTON/SHENANDOAH,VA,38.267,-78.9,-5,366,II,12
724106,DANVILLE FAA AP,VA,36.567,-79.333,-5,176,II,12
724107,HILLSVILLE,VA,36.767,-80.817,-5,834,III,11
724110,ROANOKE REGIONAL AP,VA,37.317,-79.967,-5,350,I,24
724113,VIRGINIA TECH ARPT,VA,37.217,-80.417,-5,650,III,11
724115,HOT SPRINGS/INGALLS,VA,37.95,-79.833,-5,1156,III,12
724116,PULASKI,VA,37.133,-80.683,-5,642,III,11
724117,WISE/LONESOME PINE,VA,36.983,-82.533,-5,817,III,11
724120,BECKLEY RALEIGH CO MEM AP,WV,37.8,-81.117,-5,763,I,12
724125,BLUEFIELD/MERCER CO [NREL],WV,37.27,-81.24,-5,803,II,12
724127,LEWISBURG/GREENBRIE,WV,37.867,-80.4,-5,702,II,12
724140,CHARLESTON YEAGER ARPT,WV,38.383,-81.583,-5,310,I,24
724170,ELKINS ELKINS-RANDOLPH CO ARP,WV,38.883,-79.85,-5,594,I,24
724175,HARRISON MARION RGN,WV,39.283,-80.233,-5,380,II,12
724176,MORGANTOWN HART FIELD,WV,39.65,-79.917,-5,378,II,12
724177,MARTINSBURG EASTERN WV REG AP,WV,39.4,-77.983,-5,162,II,12
724210,CINCINNATI NORTHERN KY AP,KY,39.05,-84.667,-5,265,I,24
724220,LEXINGTON BLUEGRASS AP,KY,38.033,-84.6,-5,294,I,24
724230,LOUISVILLE STANDIFORD FIELD,KY,38.183,-85.733,-5,147,I,24
724235,LOUISVILLE BOWMAN FIELD,KY,38.233,-85.667,-5,165,II,12
724236,JACKSON JULIAN CARROLL AP,KY,37.583,-83.317,-5,416,I,12
724238,HENDERSON CITY,KY,37.817,-87.683,-6,117,III,12
724240,FORT KNOX GODMAN AAF,KY,37.9,-85.967,-5,239,II,12
724243,LONDON-CORBIN AP,KY,37.083,-84.083,-5,362,II,12
724250,HUNTINGTON TRI-STATE ARPT,WV,38.383,-82.55,-5,253,I,24
724273,PARKERSBURG WOOD COUNTY AP,WV,39.35,-81.433,-5,253,II,12
724275,WHEELING OHIO COUNTY AP,WV,40.183,-80.65,-5,359,II,12
724280,COLUMBUS PORT COLUMBUS INTL A,OH,39.983,-82.883,-5,247,I,24
724286,ZANESVILLE MUNICIPAL AP,OH,39.95,-81.9,-5,268,II,12
724288,OHIO STATE UNIVERSI,OH,40.067,-83.067,-5,283,II,12
724290,DAYTON INTERNATIONAL AIRPORT,OH,39.9,-84.217,-5,305,I,24
724297,CINCINNATI MUNICIPAL AP LUNKI,OH,39.1,-84.417,-5,149,II,12
724320,EVANSVILLE REGIONAL AP,IN,38.05,-87.533,-6,116,I,24
724335,MOUNT VERNON (AWOS),IL,38.317,-88.867,-6,146,II,12
724336,SOUTHERN ILLINOIS,IL,37.767,-89.25,-6,128,II,12
724338,BELLEVILLE SCOTT AFB,IL,38.55,-89.85,-6,135,II,12
724339,MARION REGIONAL,IL,37.75,-89.017,-6,144,II,12
724340,ST LOUIS LAMBERT INT'L ARPT,MO,38.75,-90.367,-6,173,I,24
724345,ST LOUIS SPIRIT OF ST LOUIS A,MO,38.65,-90.65,-6,141,I,12
724350,PADUCAH BARKLEY REGIONAL AP,KY,37.05,-88.767,-6,124,I,12
724354,SOMERSET(AWOS),KY,38,-84.6,-5,283,III,12
724365,HUNTINGBURG,IN,38.25,-86.95,-5,161,III,11
724373,TERRE HAUTE HULMAN REGIONAL A,IN,39.45,-87.3,-5,175,II,12
724375,MONROE CO,IN,39.133,-86.617,-5,264,II,12
724380,INDIANAPOLIS INTL AP,IN,39.717,-86.267,-5,241,I,24
724386,LAFAYETTE PURDUE UNIV AP,IN,40.417,-86.933,-5,183,II,12
724390,SPRINGFIELD CAPITAL AP,IL,39.85,-89.683,-6,179,I,24
724396,QUINCY MUNI BALDWIN FLD,IL,39.933,-91.2,-6,233,II,12
724397,CENTRAL ILLINOIS RG,IL,40.467,-88.917,-6,272,II,12
724400,SPRINGFIELD REGIONAL ARPT,MO,37.233,-93.383,-6,384,I,24
724450,COLUMBIA REGIONAL AIRPORT,MO,38.817,-92.217,-6,272,I,24
724454,FARMINGTON,MO,37.767,-90.4,-6,274,III,10
724455,KIRKSVILLE REGIONAL AP,MO,40.1,-92.55,-6,294,II,12
724456,VICHY ROLLA NATL ARPT,MO,38.133,-91.767,-6,336,II,12
724457,FT LNRD WD AAF,MO,37.75,-92.15,-6,351,II,12
724458,JEFFERSON CITY MEM,MO,38.583,-92.15,-6,167,II,12
724459,KAISER MEM (AWOS),MO,38.1,-92.55,-6,265,II,12
724460,KANSAS CITY INT'L ARPT,MO,39.3,-94.717,-6,298,I,24
724463,KANSAS CITY DOWNTOWN AP,MO,39.117,-94.6,-6,226,II,12
724467,WHITEMAN AFB,MO,38.717,-93.55,-6,255,II,12
724468,OLATHE/JOHNSON CO.,KS,38.85,-94.733,-6,334,II,12
724475,OLATHE JOHNSON CO INDUSTRIAL,KS,38.833,-94.883,-6,331,II,12
724490,ST JOSEPH ROSECRANS MEMORIAL,MO,39.767,-94.9,-6,247,II,12
724500,WICHITA MID-CONTINENT AP,KS,37.65,-97.433,-6,402,II,24
724504,WICHITA/COL. JABARA,KS,37.75,-97.217,-6,433,III,10
724505,MCCONNELL AFB,KS,37.617,-97.267,-6,414,II,12
724506,HUTCHINSON MUNICIPAL AP,KS,38.067,-97.867,-6,463,II,12
724507,CHANUTE MARTIN JOHNSON AP,KS,37.667,-95.483,-6,298,II,12
724509,NEWTON (AWOS),KS,38.05,-97.283,-6,467,III,12
724510,DODGE CITY REGIONAL AP,KS,37.767,-99.967,-6,785,II,24
724515,GARDEN CITY MUNICIPAL AP,KS,37.933,-100.717,-6,878,II,12
724516,LIBERAL MUNI,KS,37.033,-100.967,-6,901,II,12
724517,GREAT BEND (AWOS),KS,38.35,-98.867,-6,575,II,12
724518,HAYS MUNI (AWOS),KS,38.85,-99.267,-6,609,II,12
724550,FORT RILEY MARSHALL AAF,KS,39.05,-96.767,-6,324,III,10
724555,MANHATTAN RGNL,KS,39.133,-96.667,-6,330,II,12
724556,EMPORIA MUNICIPAL AP,KS,38.333,-96.183,-6,368,II,12
724560,TOPEKA MUNICIPAL AP,KS,39.067,-95.633,-6,269,II,24
724565,TOPEKA FORBES FIELD,KS,38.95,-95.667,-6,325,II,12
724580,CONCORDIA BLOSSER MUNI AP,KS,39.55,-97.65,-6,448,II,12
724585,RUSSELL MUNICIPAL AP,KS,38.883,-98.817,-6,566,I,12
724586,SALINA MUNICIPAL AP,KS,38.817,-97.667,-6,385,II,12
724620,ALAMOSA SAN LUIS VALLEY RGNL,CO,37.433,-105.867,-7,2296,II,24
724625,DURANGO/LA PLATA CO,CO,37.15,-107.75,-7,2038,II,12
724635,LA JUNTA MUNICIPAL AP,CO,38.05,-103.533,-7,1281,II,12
724636,LAMAR MUNICIPAL,CO,38.067,-102.683,-7,1129,III,10
724640,PUEBLO MEMORIAL AP,CO,38.283,-104.5,-7,1428,II,24
724645,TRINIDAD LAS ANIMAS COUNTY AP,CO,37.267,-104.333,-7,1751,II,12
724650,GOODLAND RENNER FIELD,KS,39.367,-101.7,-7,1111,II,24
724655,HILL CITY MUNICIPAL AP,KS,39.383,-99.833,-6,667,II,12
724660,COLORADO SPRINGS MUNI AP,CO,38.817,-104.717,-7,1872,II,24
724665,LIMON,CO,39.183,-103.717,-7,1695,I,12
724666,DENVER/CENTENNIAL [GOLDEN - NREL],CO,39.742,-105.179,-7,1829,II,12
724673,LEADVILLE/LAKE CO.,CO,39.217,-106.317,-7,3026,II,12
724675,EAGLE COUNTY AP,CO,39.65,-106.917,-7,1980,II,21
724676,ASPEN PITKIN CO SAR,CO,39.217,-106.867,-7,2444,II,12
724677,GUNNISON CO. (AWOS),CO,38.533,-106.933,-7,2339,II,12
724695,AURORA BUCKLEY FIELD ANGB,CO,39.717,-104.75,-7,1726,II,12
724698,AKRON WASHINGTON CO AP,CO,40.167,-103.233,-7,1421,II,12
724699,BROOMFIELD/JEFFCO [BOULDER - SURFRAD],CO,40.13,-105.24,-7,1689,III,12
724723,BLANDING,UT,37.617,-109.483,-7,1841,II,12
724735,HANKSVILLE,UT,38.367,-110.717,-7,1313,II,12
724754,SAINT GEORGE (AWOS),UT,37.083,-113.6,-7,896,II,12
724755,CEDAR CITY MUNICIPAL AP,UT,37.7,-113.1,-7,1703,I,24
724756,BRYCE CNYN FAA AP,UT,37.7,-112.15,-7,2312,II,12
724760,GRAND JUNCTION WALKER FIELD,CO,39.133,-108.533,-7,1475,I,24
724765,MONTROSE CO. ARPT,CO,38.5,-107.9,-7,1755,II,12
724767,CORTEZ/MONTEZUMA CO,CO,37.3,-108.633,-7,1803,II,12
724768,GREELEY/WELD (AWOS),CO,40.433,-104.633,-7,1420,II,12
724769,FORT COLLINS (AWOS),CO,40.45,-105.017,-7,1529,II,12
724776,MOAB/CANYONLANDS [UO],UT,38.58,-109.54,-7,1000,III,10
724795,DELTA,UT,39.333,-112.583,-7,1414,II,12
724800,BISHOP AIRPORT,CA,37.367,-118.35,-8,1250,II,12
724815,MERCED/MACREADY FLD,CA,37.283,-120.517,-8,47,II,12
724830,SACRAMENTO EXECUTIVE ARPT,CA,38.5,-121.5,-8,5,I,24
724837,BEALE AFB,CA,39.133,-121.433,-8,38,II,12
724838,YUBA CO,CA,39.1,-121.567,-8,19,II,12
724839,SACRAMENTO METROPOLITAN AP,CA,38.7,-121.583,-8,7,II,12
724855,TONOPAH AIRPORT,NV,38.067,-117.083,-8,1655,I,24
724860,ELY YELLAND FIELD,NV,39.3,-114.85,-8,1909,I,24
724880,RENO TAHOE INTERNATIONAL AP,NV,39.483,-119.767,-8,1342,I,24
724885,FALLON NAAS,NV,39.417,-118.717,-8,1199,II,12
724915,MONTEREY NAF,CA,36.6,-121.867,-8,50,II,12
724917,SALINAS MUNICIPAL AP,CA,36.667,-121.6,-8,21,II,12
724920,STOCKTON METROPOLITAN ARPT,CA,37.9,-121.233,-8,7,II,12
724926,MODESTO CITY-COUNTY AP,CA,37.633,-120.95,-8,30,II,12
724927,LIVERMORE MUNICIPAL,CA,37.7,-121.817,-8,121,II,12
724930,OAKLAND METROPOLITAN ARPT,CA,37.717,-122.217,-8,2,II,12
724935,HAYWARD AIR TERM,CA,37.667,-122.117,-8,14,II,12
724936,CONCORD CONCORD-BUCHANAN FIEL,CA,38,-122.05,-8,7,II,12
724940,SAN FRANCISCO INTL AP,CA,37.617,-122.4,-8,2,I,24
724945,SAN JOSE INTL AP,CA,37.367,-121.933,-8,16,II,12
724955,NAPA CO. AIRPORT,CA,38.217,-122.283,-8,10,II,12
724957,SANTA ROSA (AWOS),CA,38.517,-122.817,-8,38,II,12
725020,NEWARK INTERNATIONAL ARPT,NJ,40.717,-74.183,-5,3,I,24
725025,TETERBORO AIRPORT,NJ,40.85,-74.067,-5,3,II,12
725029,OXFORD (AWOS),CT,41.483,-73.133,-5,222,III,12
725030,NEW YORK LAGUARDIA ARPT,NY,40.783,-73.883,-5,3,I,12
725033,NEW YORK CENTRAL PRK OBS BELV,NY,40.783,-73.967,-5,40,III,17
725035,ISLIP LONG ISL MACARTHUR AP,NY,40.783,-73.1,-5,26,I,12
725036,POUGHKEEPSIE DUTCHESS CO AP,NY,41.633,-73.883,-5,47,II,12
725037,WHITE PLAINS WESTCHESTER CO A,NY,41.067,-73.717,-5,122,II,12
725038,STEWART FIELD,NY,41.5,-74.1,-5,177,II,12
725040,BRIDGEPORT SIKORSKY MEMORIAL,CT,41.183,-73.15,-5,3,I,24
725045,NEW HAVEN TWEED AIRPORT,CT,41.267,-72.883,-5,2,II,12
725046,GROTON NEW LONDON AP,CT,41.333,-72.05,-5,3,II,12
725054,PAWTUCKET (AWOS),RI,41.917,-71.5,-5,134,II,12
725058,BLOCK ISLAND STATE ARPT,RI,41.167,-71.583,-5,34,II,12
725060,OTIS ANGB,MA,41.65,-70.517,-5,40,II,12
725063,NANTUCKET MEMORIAL AP,MA,41.25,-70.067,-5,14,II,12
725064,PLYMOUTH MUNICIPAL,MA,41.917,-70.733,-5,45,III,11
725065,NEW BEDFORD RGNL,MA,41.667,-70.95,-5,25,II,12
725066,MARTHAS VINEYARD,MA,41.4,-70.617,-5,21,II,12
725067,BARNSTABLE MUNI BOA,MA,41.667,-70.283,-5,17,II,12
725070,PROVIDENCE T F GREEN STATE AR,RI,41.717,-71.433,-5,16,I,24
725073,PROVINCETOWN (AWOS),MA,42.067,-70.217,-5,2,II,12
725075,NORTH ADAMS,MA,42.7,-73.167,-5,201,III,10
725080,HARTFORD BRADLEY INTL AP,CT,41.933,-72.683,-5,49,I,24
725086,DANBURY MUNICIPAL,CT,41.367,-73.483,-5,139,II,12
725087,HARTFORD BRAINARD FD,CT,41.733,-72.65,-5,6,II,12
725088,BEVERLY MUNI,MA,42.583,-70.917,-5,34,II,12
725090,BOSTON LOGAN INT'L ARPT,MA,42.367,-71.017,-5,6,I,24
725095,WORCHESTER REGIONAL ARPT,MA,42.267,-71.883,-5,300,I,24
725098,NORWOOD MEMORIAL,MA,42.183,-71.183,-5,15,II,12
725103,READING SPAATZ FIELD,PA,40.367,-75.967,-5,104,II,12
725115,MIDDLETOWN HARRISBURG INTL AP,PA,40.2,-76.767,-5,92,I,12
725116,LANCASTER,PA,40.117,-76.3,-5,126,II,12
725117,WASHINGTON (AWOS),PA,40.133,-80.283,-5,361,II,12
725118,HARRISBURG CAPITAL CITY ARPT,PA,40.217,-76.85,-5,104,II,24
725124,BUTLER CO. (AWOS),PA,40.783,-79.95,-5,380,III,12
725125,DUBOIS FAA AP,PA,41.183,-78.9,-5,553,II,12
725126,ALTOONA BLAIR CO ARPT,PA,40.3,-78.317,-5,451,II,12
725127,JOHNSTOWN CAMBRIA COUNTY AP,PA,40.317,-78.833,-5,695,II,12
725128,STATE COLLEGE [PENN STATE - SURFRAD],PA,40.72,-77.93,-5,376,II,12
725130,WILKES-BARRE SCRANTON INTL AP,PA,41.333,-75.733,-5,284,I,24
725140,WILLIAMSPORT REGIONAL AP,PA,41.25,-76.917,-5,158,I,24
725145,MONTICELLO(AWOS),NY,41.7,-74.8,-5,428,II,12
725150,BINGHAMTON EDWIN A LINK FIELD,NY,42.2,-75.983,-5,488,I,24
725156,ELMIRA CORNING REGIONAL AP,NY,42.167,-76.9,-5,291,II,12
725165,RUTLAND STATE,VT,43.517,-72.95,-5,246,II,12
725170,ALLENTOWN LEHIGH VALLEY INTL,PA,40.65,-75.45,-5,119,I,24
725180,ALBANY COUNTY AP,NY,42.75,-73.8,-5,84,I,24
725185,GLENS FALLS AP,NY,43.35,-73.617,-5,98,II,12
725190,SYRACUSE HANCOCK INT'L ARPT,NY,43.117,-76.1,-5,125,I,24
725197,UTICA ONEIDA COUNTY AP,NY,43.15,-75.383,-5,217,II,12
725200,PITTSBURGH INTERNATIONAL AP,PA,40.5,-80.233,-5,350,I,24
725205,PITTSBURGH ALLEGHENY CO AP,PA,40.35,-79.917,-5,380,II,12
725210,AKRON AKRON-CANTON REG AP,OH,40.917,-81.433,-5,368,I,24
725235,JAMESTOWN (AWOS),NY,42.15,-79.267,-5,525,II,12
725240,CLEVELAND HOPKINS INTL AP,OH,41.4,-81.85,-5,235,I,24
725245,BURKE LAKEFRONT,OH,41.517,-81.683,-5,182,II,12
725246,MANSFIELD LAHM MUNICIPAL ARPT,OH,40.817,-82.517,-5,395,I,24
725250,YOUNGSTOWN REGIONAL AIRPORT,OH,41.25,-80.667,-5,360,I,24
725260,ERIE INTERNATIONAL AP,PA,42.083,-80.183,-5,222,I,24
725266,BRADFORD REGIONAL AP,PA,41.8,-78.633,-5,645,I,24
725267,FRANKLIN,PA,41.383,-79.867,-5,470,II,12
725280,BUFFALO NIAGARA INTL AP,NY,42.933,-78.733,-5,215,I,24
725287,NIAGARA FALLS AF,NY,43.1,-78.95,-5,180,II,12
725290,ROCHESTER GREATER ROCHESTER I,NY,43.117,-77.683,-5,183,I,24
725300,CHICAGO OHARE INTL AP,IL,41.983,-87.917,-6,201,I,24
725305,W. CHICAGO/DU PAGE,IL,41.917,-88.25,-6,231,II,12
725314,CAHOKIA/ST. LOUIS,IL,38.567,-90.15,-6,126,II,12
725315,UNIV OF ILLINOIS WI [BONDVILLE - SURFRAD],IL,40.06,-88.37,-6,213,II,12
725316,DECATUR,IL,39.833,-88.867,-6,213,II,12
725320,PEORIA GREATER PEORIA AP,IL,40.667,-89.683,-6,199,I,24
725326,STERLING ROCKFALLS,IL,41.75,-89.667,-6,197,II,12
725330,FORT WAYNE INTL AP,IN,41,-85.2,-5,241,I,24
725335,GRISSOM ARB,IN,40.65,-86.15,-5,253,II,12
725336,DELAWARE CO JOHNSON,IN,40.233,-85.4,-5,293,II,12
725340,CHICAGO MIDWAY AP,IL,41.783,-87.75,-6,186,II,12
725347,CHICAGO/WAUKEGAN,IL,42.417,-87.867,-6,222,II,12
725350,SOUTH BEND MICHIANA RGNL AP,IN,41.7,-86.333,-5,236,I,24
725360,TOLEDO EXPRESS AIRPORT,OH,41.583,-83.8,-5,204,I,24
725366,FINDLAY AIRPORT,OH,41.017,-83.667,-5,244,II,12
725370,DETROIT METROPOLITAN ARPT,MI,42.217,-83.35,-5,194,I,24
725374,ANN ARBOR MUNICIPAL,MI,42.217,-83.75,-5,256,II,12
725375,DETROIT CITY AIRPORT,MI,42.4,-83,-5,190,I,12
725376,DETROIT WILLOW RUN AP,MI,42.233,-83.533,-5,218,II,12
725377,MOUNT CLEMENS SELFRIDGE FLD,MI,42.617,-82.833,-5,177,II,12
725378,HOWELL,MI,42.633,-83.983,-5,293,III,11
725384,ST.CLAIR COUNTY INT,MI,42.917,-82.533,-5,198,III,11
725390,LANSING CAPITAL CITY ARPT,MI,42.783,-84.583,-5,256,I,24
725395,JACKSON REYNOLDS FIELD,MI,42.267,-84.467,-5,304,II,12
725396,BATTLE CREEK KELLOGG AP,MI,42.3,-85.25,-5,283,II,12
725430,ROCKFORD GREATER ROCKFORD AP,IL,42.2,-89.1,-6,223,I,24
725440,MOLINE QUAD CITY INTL AP,IL,41.467,-90.517,-6,180,I,24
725450,CEDAR RAPIDS MUNICIPAL AP,IA,41.883,-91.717,-6,256,II,12
725453,ATLANTIC,IA,41.4,-95.05,-6,360,III,10
725454,WASHINGTON,IA,41.283,-91.667,-6,230,III,10
725455,BURLINGTON MUNICIPAL AP,IA,40.783,-91.117,-6,211,II,12
725456,KEOKUK MUNI,IA,40.467,-91.433,-6,205,III,10
725457,ALGONA,IA,43.083,-94.267,-6,372,III,10
725460,DES MOINES INTL AP,IA,41.533,-93.667,-6,292,I,24
725463,CHARLES CITY,IA,43.067,-92.617,-6,343,III,10
725464,NEWTON MUNI,IA,41.683,-93.017,-6,290,III,10
725465,OTTUMWA INDUSTRIAL AP,IA,41.1,-92.45,-6,257,II,12
725467,SHENANDOAH MUNI,IA,40.75,-95.417,-6,296,III,10
725468,CARROLL,IA,42.05,-94.783,-6,375,III,10
725469,CHARITON,IA,41.033,-93.367,-6,320,III,10
725470,DUBUQUE REGIONAL AP,IA,42.4,-90.7,-6,322,I,12
725473,CLINTON MUNI (AWOS),IA,41.833,-90.333,-6,216,II,12
725474,CRESTON,IA,41.017,-94.367,-6,394,III,10
725475,MONTICELLO MUNI,IA,42.233,-91.167,-6,259,III,10
725476,DECORAH,IA,43.283,-91.733,-6,353,III,10
725477,DENISON,IA,41.983,-95.383,-6,388,III,10
725478,WEBSTER CITY,IA,42.433,-93.867,-6,342,III,10
725479,CLARINDA,IA,40.717,-95.033,-6,303,III,10
725480,WATERLOO MUNICIPAL AP,IA,42.55,-92.4,-6,264,I,24
725483,FORT MADISON,IA,40.667,-91.333,-6,221,III,10
725484,LE MARS,IA,42.783,-96.2,-6,365,III,10
725485,MASON CITY MUNICIPAL ARPT,IA,43.15,-93.333,-6,364,I,24
725486,BOONE MUNI,IA,42.05,-93.85,-6,354,III,10
725487,MUSCATINE,IA,41.367,-91.15,-6,167,III,10
725488,OELWEN,IA,42.683,-91.967,-6,328,III,10
725489,ORANGE CITY,IA,42.983,-96.067,-6,431,III,10
725490,FORT DODGE (AWOS),IA,42.55,-94.183,-6,355,II,12
725493,KNOXVILLE,IA,41.3,-93.117,-6,283,III,10
725494,RED OAK,IA,41.017,-95.267,-6,318,III,10
725495,SHELDON,IA,43.217,-95.833,-6,432,III,10
725496,STORM LAKE,IA,42.6,-95.233,-6,454,III,10
725497,COUNCIL BLUFFS,IA,41.267,-95.767,-6,382,III,10
725500,OMAHA EPPLEY AIRFIELD,NE,41.317,-95.9,-6,299,I,12
725510,LINCOLN MUNICIPAL ARPT,NE,40.833,-96.767,-6,357,II,12
725515,BEATRICE MUNICIPAL,NE,40.3,-96.75,-6,403,III,11
725520,GRAND ISLAND CENTRAL NE REGIO,NE,40.967,-98.317,-6,561,II,24
725524,ORD/SHARP FIELD,NE,41.617,-98.95,-6,631,II,12
725525,HASTINGS MUNICIPAL,NE,40.6,-98.433,-6,596,II,12
725526,KEARNEY MUNI (AWOS),NE,40.733,-99,-6,649,II,12
725527,TEKAMAH (ASOS),NE,41.767,-96.167,-6,312,III,10
725530,OMAHA WSFO,NE,41.367,-96.017,-6,399,III,13
725533,FALLS CITY/BRENNER,NE,40.083,-95.6,-6,300,II,12
725540,BELLEVUE OFFUTT AFB,NE,41.117,-95.917,-6,319,II,12
725555,BROKEN BOW MUNI,NE,41.433,-99.65,-6,776,II,12
725556,AINSWORTH MUNICIPAL,NE,42.583,-100,-6,789,II,12
725560,NORFOLK KARL STEFAN MEM ARPT,NE,41.983,-97.433,-6,472,I,24
725564,FREMONT MUNI ARPT,NE,41.45,-96.517,-6,379,III,10
725565,COLUMBUS MUNI,NE,41.45,-97.333,-6,451,II,12
725566,O`NEILL/BAKER FIELD,NE,42.467,-98.683,-6,619,III,12
725570,SIOUX CITY SIOUX GATEWAY AP,IA,42.383,-96.383,-6,333,I,24
725610,SIDNEY MUNICIPAL AP,NE,41.1,-102.983,-7,1313,II,12
725620,NORTH PLATTE REGIONAL AP,NE,41.117,-100.667,-6,847,I,24
725625,MCCOOK MUNICIPAL,NE,40.2,-100.583,-6,786,II,12
725626,IMPERIAL FAA AP,NE,40.517,-101.617,-7,998,II,12
725628,BREWSTER FIELD ARPT,NE,40.45,-99.333,-6,704,III,10
725635,ALLIANCE MUNICIPAL,NE,42.05,-102.8,-7,1198,II,12
725636,CHADRON MUNICIPAL AP,NE,42.833,-103.083,-7,1011,II,12
725640,CHEYENNE MUNICIPAL ARPT,WY,41.15,-104.8,-7,1867,I,24
725645,LARAMIE GENERAL BREES FIELD,WY,41.317,-105.683,-7,2215,II,12
725650,DENVER INTL AP,CO,39.833,-104.65,-7,1650,I,12
725660,SCOTTSBLUFF W B HEILIG FIELD,NE,41.867,-103.6,-7,1202,I,24
725670,VALENTINE MILLER FIELD,NE,42.867,-100.55,-6,789,I,12
725690,CASPER NATRONA CO INTL AP,WY,42.9,-106.467,-7,1627,I,24
725700,CRAIG-MOFFAT,CO,40.5,-107.533,-7,1915,II,12
725705,VERNAL,UT,40.433,-109.517,-7,1608,II,12
725715,HAYDEN/YAMPA (AWOS),CO,40.483,-107.217,-7,2012,II,12
725717,RIFLE/GARFIELD RGNL,CO,39.533,-107.717,-7,1691,III,12
725720,SALT LAKE CITY INT'L ARPT [ISIS],UT,40.77,-111.97,-7,1288,I,24
725724,PROVO MUNI (AWOS),UT,40.217,-111.717,-7,1369,II,12
725744,ROCK SPRINGS ARPT [GREEN RIVER - UO],WY,41.46,-109.44,-7,1000,I,24
725745,RAWLINS MUNICIPAL AP,WY,41.8,-107.2,-7,2053,II,12
725750,OGDEN HINKLEY AIRPORT,UT,41.2,-112.017,-7,1362,II,12
725755,OGDEN HILL AFB,UT,41.117,-111.967,-7,1459,II,12
725760,LANDER HUNT FIELD,WY,42.817,-108.733,-7,1694,I,24
725765,RIVERTON MUNICIPL AP,WY,43.05,-108.45,-7,1663,II,12
725775,EVANSTON/BURNS FLD,WY,41.283,-111.033,-7,2183,II,12
725776,JACKSON HOLE,WY,43.6,-110.733,-7,2016,II,12
725780,POCATELLO REGIONAL AP,ID,42.917,-112.567,-7,1353,I,24
725785,IDAHO FALLS FANNING FIELD,ID,43.517,-112.067,-7,1441,II,12
725786,MALAD CITY,ID,42.15,-112.283,-7,1362,II,12
725805,LOVELOCK DERBY FIELD,NV,40.067,-118.55,-8,1189,I,12
725810,WENDOVER USAF AUXILIARY FIELD,UT,40.717,-114.033,-8,1291,II,12
725825,ELKO MUNICIPAL ARPT,NV,40.833,-115.8,-8,1548,II,24
725830,WINNEMUCCA MUNICIPAL ARPT,NV,40.9,-117.8,-8,1310,I,24
725845,BLUE CANYON AP,CA,39.3,-120.717,-8,1609,II,12
725846,TRUCKEE-TAHOE,CA,39.317,-120.133,-8,1798,II,12
725847,SOUTH LAKE TAHOE,CA,38.9,-120,-8,1909,II,12
725865,HAILEY/FRIEDMAN MEM,ID,43.5,-114.3,-7,1620,II,12
725866,JOSLIN FLD MAGIC VA [TWIN FALLS - UO],ID,42.55,-114.35,-7,1200,II,12
725867,BURLEY MUNICIPAL ARPT,ID,42.533,-113.767,-7,1267,II,12
725868,SODA SPRINGS/TIGERT,ID,42.65,-111.583,-7,1780,II,12
725895,KLAMATH FALLS INTL AP [UO],OR,42.22,-121.74,-8,1220,II,12
725905,UKIAH MUNICIPAL AP,CA,39.133,-123.2,-8,189,II,12
725910,RED BLUFF MUNICIPAL ARPT,CA,40.15,-122.25,-8,106,II,12
725920,REDDING MUNICIPAL ARPT,CA,40.517,-122.317,-8,153,I,12
725945,ARCATA AIRPORT,CA,40.983,-124.1,-8,62,I,24
725946,CRESCENT CITY FAA AI,CA,41.783,-124.233,-8,17,II,12
725955,MONTAGUE SISKIYOU COUNTY AP,CA,41.783,-122.467,-8,803,II,12
725958,ALTURAS,CA,41.5,-120.533,-8,1341,II,12
725970,MEDFORD ROGUE VALLEY INTL AP [ASHLAND - UO],OR,42.19,-122.7,-8,595,I,24
725975,SEXTON SUMMIT,OR,42.6,-123.367,-8,1168,II,12
725976,LAKEVIEW (AWOS),OR,42.167,-120.4,-8,1441,II,12
726050,CONCORD MUNICIPAL ARPT,NH,43.2,-71.5,-5,106,I,24
726055,PEASE INTL TRADEPOR,NH,43.083,-70.817,-5,31,II,12
726060,PORTLAND INTL JETPORT,ME,43.65,-70.3,-5,14,I,24
726064,SANFORD MUNI (AWOS),ME,43.4,-70.717,-5,74,II,12
726073,WATERVILLE (AWOS),ME,44.533,-69.683,-5,101,II,12
726077,BAR HARBOR (AWOS),ME,44.45,-68.367,-5,26,II,12
726079,ROCKLAND/KNOX(AWOS),ME,44.067,-69.1,-5,17,II,12
726083,NORTHERN AROOSTOOK,ME,47.283,-68.317,-5,309,III,10
726088,BANGOR INTERNATIONAL AP,ME,44.8,-68.817,-5,56,I,12
726115,SPRINGFIELD/HARTNES,VT,43.35,-72.517,-5,176,III,10
726116,LEBANON MUNICIPAL,NH,43.633,-72.3,-5,182,II,12
726130,MOUNT WASHINGTON,NH,44.267,-71.3,-5,1910,II,12
726145,MONTPELIER AP,VT,44.2,-72.567,-5,343,II,12
726155,LACONIA MUNI (AWOS),NH,43.567,-71.417,-5,166,II,12
726160,BERLIN MUNICIPAL,NH,44.583,-71.183,-5,353,III,10
726165,DILLANT HOPKINS,NH,42.9,-72.267,-5,153,II,12
726170,BURLINGTON INTERNATIONAL AP,VT,44.467,-73.15,-5,101,I,24
726184,AUBURN-LEWISTON,ME,44.05,-70.283,-5,88,II,12
726185,AUGUSTA AIRPORT,ME,44.317,-69.8,-5,107,II,12
726196,MILLINOCKET MUNICIPAL AP,ME,45.65,-68.683,-5,124,III,12
726223,MASSENA AP,NY,44.933,-74.85,-5,65,I,24
726227,WATERTOWN AP,NY,44,-76.017,-5,97,II,12
726228,ADIRONDACK RGNL,NY,44.383,-74.2,-5,520,II,12
726350,GRAND RAPIDS KENT COUNTY INT',MI,42.883,-85.517,-5,242,I,24
726355,BENTON HARBOR/ROSS,MI,42.133,-86.433,-5,196,II,12
726357,KALAMAZOO BATTLE CR,MI,42.233,-85.55,-5,273,II,12
726360,MUSKEGON COUNTY ARPT,MI,43.167,-86.233,-5,190,I,24
726370,FLINT BISHOP INTL ARPT,MI,42.967,-83.75,-5,234,I,24
726375,OAKLAND CO INTL,MI,42.667,-83.417,-5,306,II,12
726379,SAGINAW TRI CITY INTL AP,MI,43.533,-84.083,-5,201,II,12
726380,HOUGHTON LAKE ROSCOMMON CO AR,MI,44.367,-84.683,-5,351,I,24
726384,CADILLAC WEXFORD CO AP,MI,44.283,-85.417,-5,396,III,12
726385,MANISTEE (AWOS),MI,44.267,-86.25,-5,189,II,12
726387,TRAVERSE CITY CHERRY CAPITAL,MI,44.733,-85.583,-5,188,I,24
726390,ALPENA COUNTY REGIONAL AP,MI,45.067,-83.583,-5,210,I,24
726395,OSCODA WURTSMITH AFB,MI,44.45,-83.4,-5,188,III,10
726400,MILWAUKEE MITCHELL INTL AP,WI,42.95,-87.9,-6,205,I,24
726404,MINOCQUA/WOODRUFF,WI,45.933,-89.733,-6,496,II,12
726410,MADISON DANE CO REGIONAL ARPT [ISIS],WI,43.13,-89.33,-6,262,I,24
726415,JANESVILLE/ROCK CO.,WI,42.617,-89.033,-6,246,III,10
726416,LONE ROCK FAA AP,WI,43.2,-90.183,-6,219,II,12
726430,LA CROSSE MUNICIPAL ARPT,WI,43.867,-91.25,-6,198,I,24
726435,EAU CLAIRE COUNTY AP,WI,44.867,-91.483,-6,271,I,24
726440,ROCHESTER INTERNATIONAL ARPT,MN,43.9,-92.5,-6,398,I,24
726450,GREEN BAY AUSTIN STRAUBEL INT,WI,44.483,-88.133,-6,209,I,24
726455,MANITOWAC MUNI AWOS,WI,44.133,-87.683,-6,198,II,12
726456,WITTMAN RGNL,WI,43.983,-88.55,-6,253,II,12
726457,APPLETON/OUTAGAMIE,WI,44.25,-88.517,-6,280,II,12
726458,STURGEON BAY,WI,44.85,-87.417,-5,221,II,12
726463,WAUSAU MUNICIPAL ARPT,WI,44.917,-89.633,-6,366,II,12
726464,WATERTOWN,WI,43.167,-88.717,-6,254,III,10
726465,MOSINEE/CENTRAL WI,WI,44.783,-89.667,-6,389,II,12
726467,RICE LAKE MUNICIPAL,WI,45.483,-91.717,-6,347,III,10
726468,PHILLIPS/PRICE CO.,WI,45.7,-90.4,-6,449,II,12
726480,ESCANABA (AWOS),MI,45.75,-87.033,-5,187,II,12
726487,MENOMINEE (AWOS),MI,45.133,-87.633,-6,191,II,12
726498,FAIR FIELD,IA,41.05,-91.983,-6,244,III,10
726499,ESTHERVILLE MUNI,IA,43.4,-94.75,-6,401,II,12
726500,SPENCER,IA,43.167,-95.15,-6,408,II,12
726510,SIOUX FALLS FOSS FIELD,SD,43.583,-96.75,-6,433,I,24
726515,BROOKINGS (AWOS),SD,44.3,-96.817,-6,502,II,12
726525,CHAN GURNEY MUNI,SD,42.917,-97.383,-6,408,II,12
726540,HURON REGIONAL ARPT,SD,44.4,-98.217,-6,390,I,24
726544,ORR,MN,48.017,-92.867,-6,397,III,12
726545,MITCHELL (AWOS),SD,43.767,-98.033,-6,397,II,12
726546,WATERTOWN MUNICIPAL AP,SD,44.933,-97.15,-6,532,II,12
726547,GLENWOOD (ASOS),MN,45.65,-95.317,-6,425,III,10
726550,ST CLOUD REGIONAL ARPT,MN,45.55,-94.05,-6,311,I,24
726555,BRAINERD/WIELAND,MN,46.4,-94.133,-6,374,II,12
726556,REDWOOD FALLS MUNI,MN,44.55,-95.083,-6,312,II,12
726557,ALEXANDRIA MUNICIPAL AP,MN,45.883,-95.4,-6,433,II,12
726558,CLOQUET (AWOS),MN,46.7,-92.5,-6,390,III,12
726559,MARSHALL/RYAN(AWOS),MN,44.45,-95.817,-6,359,II,12
726560,FERGUS FALLS(AWOS),MN,46.283,-96.15,-6,361,II,12
726563,FARIBAULT MUNI AWOS,MN,44.333,-93.317,-6,322,II,12
726564,RED WING,MN,44.583,-92.483,-6,239,II,12
726565,MORRIS MUNI (AWOS),MN,45.567,-95.967,-6,344,II,12
726566,PIPESTONE (AWOS),MN,43.983,-96.317,-6,529,II,12
726567,NEW ULM MUNI (AWOS),MN,44.317,-94.5,-6,308,II,12
726568,OWATONNA (AWOS),MN,44.117,-93.25,-6,350,III,12
726569,HUTCHINSON (AWOS),MN,44.867,-94.383,-6,323,III,12
726574,MARSHFIELD MUNI,WI,44.633,-90.183,-6,389,III,12
726575,MINNEAPOLIS/CRYSTAL,MN,45.067,-93.35,-6,265,II,12
726576,WILLMAR,MN,45.117,-95.083,-6,345,II,12
726578,LITTLE FALLS (AWOS),MN,45.95,-94.35,-6,342,III,12
726579,FLYING CLOUD,MN,44.817,-93.45,-6,283,II,12
726580,MINNEAPOLIS-ST PAUL INT'L ARP,MN,44.883,-93.233,-6,254,I,24
726583,LITCHFIELD MUNI,MN,45.1,-94.5,-6,347,II,12
726584,ST PAUL DOWNTOWN AP,MN,44.933,-93.05,-6,220,II,12
726585,MANKATO(AWOS),MN,44.217,-93.917,-6,311,II,12
726586,FAIRMONT MUNI(AWOS),MN,43.65,-94.417,-6,354,II,12
726587,WORTHINGTON (AWOS),MN,43.65,-95.583,-6,480,II,12
726588,WINONA MUNI (AWOS),MN,44.083,-91.7,-6,200,II,12
726589,ALBERT LEA (AWOS),MN,43.683,-93.367,-6,383,II,12
726590,ABERDEEN REGIONAL ARPT,SD,45.45,-98.417,-6,398,I,12
726603,SOUTH ST PAUL MUNI,MN,44.85,-93.15,-6,250,III,10
726620,RAPID CITY REGIONAL ARPT,SD,44.05,-103.05,-7,963,I,24
726625,ELLSWORTH AFB,SD,44.15,-103.1,-7,980,II,12
726626,ANTIGO\LANG(AWOS),WI,45.15,-87.15,-5,464,III,10
726650,GILLETTE/GILLETTE-C,WY,44.35,-105.533,-7,1230,II,12
726660,SHERIDAN COUNTY ARPT,WY,44.767,-106.967,-7,1208,I,24
726665,WORLAND MUNICIPAL,WY,43.967,-107.95,-7,1294,II,12
726676,GLENDIVE(AWOS),MT,47.133,-104.8,-7,749,II,12
726685,MOBRIDGE,SD,45.533,-100.433,-7,508,II,12
726686,PIERRE MUNICIPAL AP,SD,44.383,-100.283,-7,528,I,24
726700,CODY MUNI (AWOS),WY,44.517,-109.017,-7,1553,II,12
726770,BILLINGS LOGAN INT'L ARPT,MT,45.8,-108.55,-7,1087,I,24
726776,LEWISTOWN MUNICIPAL ARPT,MT,47.05,-109.45,-7,1263,II,24
726785,BUTTE BERT MOONEY ARPT,MT,45.95,-112.5,-7,1689,II,12
726797,BOZEMAN GALLATIN FIELD,MT,45.8,-111.15,-7,1349,II,12
726798,LIVINGSTON MISSION FIELD,MT,45.7,-110.45,-7,1418,II,12
726810,BOISE AIR TERMINAL [UO],ID,43.62,-116.21,-7,701,I,24
726813,CALDWELL (AWOS),ID,43.633,-116.633,-7,740,III,12
726815,MOUNTAIN HOME AFB,ID,43.05,-115.867,-7,912,II,12
726830,BURNS MUNICIPAL ARPT [UO],OR,43.52,-119.02,-8,1271,II,21
726835,REDMOND ROBERTS FIELD,OR,44.25,-121.167,-8,933,II,24
726865,SALMON/LEMHI (AWOS),ID,45.117,-113.883,-7,1233,III,12
726880,PENDLETON E OR REGIONAL AP,OR,45.7,-118.833,-8,452,I,24
726884,LA GRANDE MUNI AP,OR,45.283,-118,-8,827,II,12
726886,BAKER MUNICIPAL AP,OR,44.833,-117.817,-8,1027,II,12
726904,ROSEBURG REGIONAL AP,OR,43.233,-123.35,-8,160,II,12
726917,NORTH BEND MUNI AIRPORT,OR,43.417,-124.25,-8,2,II,24
726930,EUGENE MAHLON SWEET ARPT [UO],OR,44.05,-123.07,-8,109,I,24
726940,SALEM MCNARY FIELD,OR,44.9,-123,-8,60,I,24
726945,CORVALLIS MUNI,OR,44.483,-123.283,-8,77,II,12
726959,AURORA STATE,OR,45.25,-122.767,-8,60,III,11
726980,PORTLAND INTERNATIONAL AP,OR,45.6,-122.617,-8,6,I,24
726985,PORTLAND/TROUTDALE,OR,45.55,-122.4,-8,11,II,12
726986,PORTLAND/HILLSBORO,OR,45.533,-122.95,-8,62,II,12
726988,THE DALLES MUNICIPAL ARPT,WA,45.617,-121.15,-8,73,II,12
727033,HOULTON INTL ARPT,ME,46.117,-67.8,-5,150,II,12
727120,CARIBOU MUNICIPAL ARPT,ME,46.867,-68.033,-5,190,I,24
727130,PRESQUE ISLE MUNICIP,ME,46.683,-68.05,-5,163,II,12
727135,WISCASSET,ME,43.967,-69.717,-5,21,III,10
727340,SAULT STE MARIE SANDERSON FIE,MI,46.467,-84.35,-5,219,I,24
727344,CHIPPEWA CO INTL,MI,46.25,-84.467,-5,250,II,12
727347,PELLSTON EMMET COUNTY AP,MI,45.567,-84.783,-5,218,II,12
727415,RHINELANDER ONEIDA,WI,45.633,-89.467,-6,507,II,12
727437,IRON MOUNTAIN/FORD,MI,45.817,-88.117,-6,360,II,12
727440,HANCOCK HOUGHTON CO AP,MI,47.167,-88.5,-5,327,II,12
727444,TWO HARBORS,MN,47.05,-91.75,-6,328,III,12
727445,IRONWOOD (AWOS),MI,46.533,-90.133,-6,375,II,12
727450,DULUTH INTERNATIONAL ARPT,MN,46.833,-92.217,-6,433,I,24
727452,CROOKSTON MUNI FLD,MN,47.85,-96.617,-6,273,III,12
727453,PARK RAPIDS MUNICIPAL AP,MN,46.9,-95.067,-6,437,II,12
727455,HIBBING CHISHOLM-HIBBING AP,MN,47.383,-92.85,-6,411,II,12
727457,DETROIT LAKES(AWOS),MN,46.833,-95.883,-6,426,II,12
727458,GRAND RAPIDS(AWOS),MN,47.217,-93.517,-6,413,II,12
727459,ELY MUNI,MN,47.817,-91.833,-6,455,II,12
727470,INTERNATIONAL FALLS INTL AP,MN,48.567,-93.4,-6,359,I,24
727473,CRANE LAKE (AWOS),MN,46.267,-92.567,-6,350,II,12
727474,EVELETH MUNI (AWOS),MN,47.4,-92.5,-6,421,III,12
727475,MORA MUNI (AWOS),MN,45.883,-93.267,-6,309,II,12
727476,BAUDETTE INTERNATIONAL AP,MN,48.717,-94.6,-6,330,III,10
727477,ROSEAU MUNI (AWOS),MN,48.85,-95.7,-6,323,II,12
727478,HALLOCK,MN,48.783,-96.95,-6,250,III,12
727503,CAMBRIDGE MUNI,MN,45.567,-93.267,-6,287,III,12
727504,AITKIN NDB(AWOS),MN,46.55,-93.683,-6,367,III,12
727505,FOSSTON(AWOS),MN,47.583,-95.767,-6,388,III,12
727507,BENSON MUNI,MN,45.317,-95.65,-6,317,III,11
727530,FARGO HECTOR INTERNATIONAL AP,ND,46.933,-96.817,-6,274,I,24
727533,WHEATON NDB (AWOS),MN,45.7,-96.5,-6,313,III,12
727535,JAMESTOWN MUNICIPAL ARPT,ND,46.917,-98.683,-6,455,II,12
727550,BEMIDJI MUNICIPAL,MN,47.5,-94.933,-6,420,II,12
727555,THIEF RIVER(AWOS),MN,48.067,-96.183,-6,340,II,12
727556,SILVER BAY,MN,47.2,-91.4,-6,331,III,12
727566,AUSTIN MUNI,MN,43.667,-92.933,-6,375,III,12
727573,DEVILS LAKE(AWOS),ND,48.117,-98.917,-6,443,II,12
727575,GRAND FORKS AF,ND,47.967,-97.4,-6,276,II,12
727576,GRAND FORKS INTERNATIONAL AP,ND,47.95,-97.183,-6,256,II,12
727640,BISMARCK MUNICIPAL ARPT [ISIS],ND,46.77,-100.77,-7,502,I,24
727645,DICKINSON MUNICIPAL AP,ND,46.8,-102.8,-7,788,II,12
727670,WILLISTON SLOULIN INTL AP,ND,48.2,-103.65,-6,580,I,12
727675,MINOT AFB,ND,48.417,-101.35,-6,497,II,12
727676,MINOT FAA AP,ND,48.267,-101.283,-6,523,I,21
727680,GLASGOW INTL ARPT,MT,48.217,-106.617,-7,699,I,24
727686,WOLF POINT INTL [FORT PECK - SURFRAD],MT,48.31,-105.1,-7,634,II,12
727687,SIDNEY-RICHLAND,MT,47.7,-104.2,-7,605,II,12
727720,HELENA REGIONAL AIRPORT,MT,46.6,-111.967,-7,1167,I,24
727730,MISSOULA INTERNATIONAL AP,MT,46.917,-114.1,-7,973,I,24
727750,GREAT FALLS INTL ARPT,MT,47.467,-111.383,-7,1117,I,24
727770,HAVRE CITY-COUNTY AP,MT,48.55,-109.767,-7,788,II,12
727790,KALISPELL GLACIER PK INT'L AR,MT,48.317,-114.25,-7,906,I,24
727796,CUT BANK MUNI AP,MT,48.6,-112.367,-7,1170,II,21
727810,YAKIMA AIR TERMINAL,WA,46.567,-120.55,-8,324,I,24
727815,STAMPEDE PASS,WA,47.283,-121.333,-8,1206,II,12
727825,WENATCHEE/PANGBORN,WA,47.4,-120.2,-8,379,II,12
727826,EPHRATA AP FCWOS,WA,47.3,-119.517,-8,384,II,12
727827,MOSES LAKE GRANT COUNTY AP,WA,47.2,-119.317,-8,364,II,12
727830,LEWISTON NEZ PERCE CNTY AP,ID,46.367,-117.017,-8,438,I,12
727834,COEUR D`ALENE(AWOS),ID,47.767,-116.817,-8,707,II,12
727840,HANFORD,WA,46.567,-119.6,-8,223,II,12
727845,PASCO,WA,46.267,-119.117,-8,136,II,12
727846,WALLA WALLA CITY COUNTY AP,WA,46.1,-118.283,-8,355,II,12
727850,SPOKANE INTERNATIONAL AP [CHENEY - UO],WA,47.49,-117.589,-8,777,I,24
727855,FAIRCHILD AFB,WA,47.633,-117.65,-8,743,II,12
727856,FELTS FLD,WA,47.683,-117.317,-8,610,II,12
727857,PULLMAN/MOSCOW RGNL,WA,46.75,-117.117,-8,778,II,12
727885,WILLIAM R FAIRCHILD,WA,48.117,-123.5,-8,91,III,12
727910,ASTORIA REGIONAL AIRPORT,OR,46.15,-123.883,-8,3,II,24
727920,OLYMPIA AIRPORT,WA,46.967,-122.9,-8,63,I,24
727923,HOQUIAM AP,WA,46.983,-123.933,-8,4,II,12
727924,KELSO WB AP,WA,46.133,-122.9,-8,5,II,12
727926,TOLEDO-WINLOCK MEM,WA,46.483,-122.8,-8,113,II,12
727928,BREMERTON NATIONAL,WA,47.483,-122.75,-8,137,II,12
727930,SEATTLE SEATTLE-TACOMA INTL A,WA,47.467,-122.317,-8,122,I,24
727934,RENTON MUNI,WA,47.483,-122.217,-8,10,II,12
727935,SEATTLE BOEING FIELD [ISIS],WA,47.68,-122.25,-8,20,II,12
727937,SNOHOMISH CO,WA,47.9,-122.283,-8,189,II,12
727938,TACOMA NARROWS,WA,47.267,-122.583,-8,91,II,12
727970,QUILLAYUTE STATE AIRPORT,WA,47.933,-124.567,-8,55,I,24
727976,BELLINGHAM INTL AP,WA,48.8,-122.533,-8,45,II,12
742060,TACOMA MCCHORD AFB,WA,47.15,-122.483,-8,88,II,12
742070,GRAY AAF,WA,47.083,-122.583,-8,90,II,12
742300,MILES CITY MUNICIPAL ARPT,MT,46.433,-105.883,-7,801,II,22
743700,FORT DRUM/WHEELER-S,NY,44.05,-75.717,-5,211,II,12
743920,NAVAL AIR STATION,ME,43.9,-69.933,-5,21,II,12
743945,MANCHESTER AIRPORT,NH,42.933,-71.433,-5,69,II,12
744655,AURORA MUNICIPAL,IL,41.767,-88.467,-6,215,II,12
744860,NEW YORK J F KENNEDY INT'L AR,NY,40.65,-73.8,-5,5,I,12
744864,REPUBLIC,NY,40.717,-73.417,-5,26,II,12
744865,WESTHAMPTON GABRESKI AP,NY,40.85,-72.633,-5,20,II,12
744904,LAWRENCE MUNI,MA,42.717,-71.117,-5,46,II,12
744910,CHICOPEE FALLS WESTO,MA,42.2,-72.533,-5,75,II,12
744915,WESTFIELD BARNES MUNI AP,MA,42.15,-72.717,-5,83,II,12
745090,MOUNTAIN VIEW MOFFETT FLD NAS,CA,37.4,-122.05,-8,12,III,10
745160,TRAVIS FIELD AFB,CA,38.267,-121.933,-8,18,II,12
745700,DAYTON WRIGHT PATTERSON AFB,OH,39.833,-84.05,-5,250,II,12
745940,ANDREWS AFB,MD,38.817,-76.867,-5,86,II,12
745966,CAPE MAY CO,NJ,39,-74.917,-5,7,III,12
745980,LANGLEY AFB,VA,37.083,-76.35,-5,3,II,12
745985,MARTINSVILLE,VA,36.633,-80.017,-5,287,III,10
746120,CHINA LAKE NAF,CA,35.683,-117.683,-8,677,II,12
746710,FORT CAMPBELL AAF,KY,36.667,-87.483,-6,173,II,12
746716,BOWLING GREEN WARREN CO AP,KY,36.983,-86.433,-6,161,II,12
746930,FORT BRAGG SIMMONS AAF,NC,35.133,-78.933,-5,93,II,12
746943,ELIZABETH CITY COAST GUARD AI [NREL],NC,36.3,-76.25,-5,4,III,10
747020,LEMOORE REEVES NAS,CA,36.333,-119.95,-8,73,II,12
747185,IMPERIAL,CA,32.833,-115.583,-8,-17,II,12
747187,PALM SPRINGS THERMAL AP,CA,33.633,-116.167,-8,-34,II,12
747188,BLYTHE RIVERSIDE CO ARPT,CA,33.617,-114.717,-8,119,II,12
747320,HOLLOMAN AFB,NM,32.85,-106.1,-7,1248,II,12
747540,ENGLAND AFB,LA,31.317,-92.55,-6,27,III,11
747685,GULFPORT BILOXI INT,MS,30.4,-89.067,-6,9,II,12
747686,KEESLER AFB,MS,30.417,-88.917,-6,8,II,12
747750,TYNDALL AFB,FL,30.067,-85.583,-6,7,II,12
747770,VALPARAISO HURLBURT,FL,30.417,-86.683,-6,12,II,12
747804,HUNTER AAF,GA,32,-81.15,-5,13,II,12
747810,MOODY AFB/VALDOSTA,GA,30.967,-83.2,-5,71,II,12
747880,MACDILL AFB,FL,27.85,-82.517,-5,8,II,12
747900,SUMTER SHAW AFB,SC,33.967,-80.467,-5,74,II,12
747910,MYRTLE BEACH AFB,SC,33.683,-78.933,-5,8,II,12
747915,NORTH MYRTLE BEACH GRAND STRA,SC,33.817,-78.717,-5,10,II,12
747946,NASA SHUTTLE FCLTY,FL,28.617,-80.717,-5,3,III,12
785140,AQUADILLA/BORINQUEN,PR,18.5,-67.133,-4,72,II,12
785145,EUGENIO MARIA DE HO,PR,18.25,-67.15,-4,9,II,12
785203,MERCEDITA,PR,18,-66.55,-4,8,II,12
785260,SAN JUAN INTL ARPT,PR,18.417,-66,-4,19,II,24
785263,SAN JUAN L M MARIN INTL AP,PR,18.433,-66,-4,3,III,10
785350,ROOSEVELT ROADS,PR,18.25,-65.633,-4,12,III,10
785430,CHARLOTTE AMALIE HARRY S TRUM,VI,18.35,-64.967,-4,6,II,12
911650,LIHUE AIRPORT,HI,21.983,-159.333,-10,31,I,24
911760,KANEOHE BAY MCAS,HI,21.45,-157.783,-10,3,II,12
911780,BARBERS POINT NAS,HI,21.317,-158.067,-10,15,II,12
911820,HONOLULU INTL ARPT,HI,21.317,-157.933,-10,2,I,24
911860,MOLOKAI (AMOS),HI,21.15,-157.1,-10,137,II,12
911900,KAHULUI AIRPORT,HI,20.9,-156.433,-10,16,I,24
911904,KAPALUA,HI,20.95,-156.633,-10,80,II,12
911905,LANAI,HI,20.783,-156.95,-10,409,II,12
911975,KONA INTL AT KEAHOL,HI,19.733,-156.05,-10,15,III,10
912120,GUAM WFO,GU,13.483,144.8,10,77,II,24
912180,ANDERSEN AFB,GU,13.567,144.917,10,162,II,12
912850,HILO INTERNATIONAL AP,HI,19.717,-155.05,-10,9,I,24
